{"cameraMode":{"drawMode":0,"name":"Shaded","section":"Shading Mode"},"sceneLighting":false,"audioPlay":false,"sceneViewState":{"showFog":true,"showMaterialUpdate":false,"showSkybox":false,"showFlares":true,"showImageEffects":true,"showParticleSystems":true},"in2DMode":false,"pivot":{"x":-3.5762786865234377e-7,"y":0.0,"z":3.5762786865234377e-7},"rotation":{"x":0.6243998408317566,"y":0.007277496159076691,"z":-0.005815713666379452,"w":0.7810493111610413},"size":11.38283634185791,"orthographic":false}