{"cameraMode":{"drawMode":0,"name":"Shaded","section":"Shading Mode"},"sceneLighting":true,"audioPlay":false,"sceneViewState":{"showFog":true,"showMaterialUpdate":false,"showSkybox":true,"showFlares":true,"showImageEffects":true,"showParticleSystems":true},"in2DMode":false,"pivot":{"x":585.4360961914063,"y":260.01800537109377,"z":0.08517470210790634},"rotation":{"x":-0.020998254418373109,"y":-0.004193089436739683,"z":0.00008819215872790664,"w":-0.9997707009315491},"size":540.2021484375,"orthographic":true}